1	48.01549	13.72393	AT	Attnang-Puchheim
2	47.71237	13.62102	AT	Bad Ischl
3	47.96482	16.21384	AT	Bad Vöslau
4	47.15991	9.80821	AT	Bludenz
5	47.50075	9.74231	AT	Bregenz
6	47.43018	11.87644	AT	Brixlegg
7	47.4124	9.74379	AT	Dornbirn
8	47.24128	9.6019	AT	Feldkirch
9	48.50217	14.50201	AT	Freistadt
10	48.34067	16.71754	AT	Gänserndorf
11	47.07071	15.4395	AT	Graz
12	47.2804	11.50585	AT	Hall in Tirol
13	47.68248	13.10037	AT	Hallein
14	48.28699	15.69215	AT	Herzogenburg
15	47.26921	11.4041	AT	Innsbruck
16	47.39187	11.77753	AT	Jenbach
17	47.14057	10.56558	AT	Landeck
18	47.92716	16.21608	AT	Leobersdorf
19	48.30694	14.28583	AT	Linz
20	47.42084	9.65945	AT	Lustenau
21	48.1066	13.14866	AT	Mattighofen
22	47.72455	16.0744	AT	Neunkirchen
23	48.24992	14.63474	AT	Perg
24	47.91143	16.38811	AT	Pottendorf
25	47.48879	10.71865	AT	Reutte
26	48.4195	15.65847	AT	Rohrendorf
27	47.80949	13.05501	AT	Salzburg
28	47.89732	16.25	AT	Sollenau
29	48.20353	15.63817	AT	St. Pölten
30	48.05009	14.41827	AT	Steyr
31	48.01604	16.29396	AT	Traiskirchen
32	48.22113	14.2368	AT	Traun
33	48.20817	16.37382	AT	de=Wien;tr=Viyana
34	47.34457	11.68904	AT	Vomp
35	48.00329	13.92515	AT	Vorchdorf
36	48.16542	14.03664	AT	Wels
37	47.48561	12.06495	AT	Wörgl
38	47.27422	11.23866	AT	Zirl
39	-34.92862	138.59996	AU	Adelaide
40	-35.282	149.12868	AU	Canberra
41	-37.81401	144.96456	AU	Melbourne
42	-33.86749	151.20699	AU	Sydney
43	43.85626	18.41308	BA	Saraybosna
45	50.83658	4.30819	BE	Anderlecht
46	51.21945	4.40246	BE	Antwerpen
47	51.18986	4.43295	BE	Berchem
48	51.04793	5.21862	BE	Beringen
49	50.85034	4.35171	BE	Brüksel
50	50.41081	4.44464	BE	Charleroi
51	50.68375	5.67078	BE	Cheratte
52	50.98965	5.05016	BE	Diest
53	50.98546	5.71408	BE	Eisden
54	50.42994	4.5415	BE	Fraciennes
55	50.96613	5.5021	BE	Genk
56	51.05434	3.71742	BE	Gent
57	50.43244	3.68445	BE	Hensies
58	55.403755	10.40237	DK	Odense
59	51.03848	5.29041	BE	Heusden-Zolder
60	51.18367	4.37608	BE	Hoboken
61	50.4748	4.18374	BE	La Louviere
62	51.11828	5.25081	BE	Leopoldsburg
63	50.63256	5.57967	BE	Liege
64	51.13021	4.57151	BE	Lier
65	51.23042	5.31101	BE	Lommel
66	51.20004	5.13597	BE	Mol
67	50.41665	4.37636	BE	Monceau-sur-Sambre
68	50.45424	3.95666	BE	Mons
69	50.46739	4.87199	BE	Namur
70	50.61948	5.52016	BE	Saint-Nicolas
71	51.05294	4.20514	BE	Sint-Amands
72	51.15588	4.15444	BE	St. Niklaas
73	50.91037	4.35564	BE	Strombeek
74	51.12955	4.21275	BE	Temse
75	50.59106	5.8656	BE	Verviers
76	51.16831	4.39429	BE	Wilrijk
77	50.88549	4.471	BE	Zaventem
78	43.25002	-79.86609	CA	Hamilton
79	45.50867	-73.55399	CA	Montreal
80	43.65323	-79.38318	CA	Toronto
81	47.56744	7.59755	CH	Basel
82	46.94792	7.44461	CH	Bern
83	47.54678	9.713	CH	Bürgeln
84	46.19839	6.1423	CH	Cenevre
85	47.18123	8.45921	CH	Cham
86	46.85726	9.52673	CH	Chur
87	47.40539	8.39977	CH	Dietikon
88	47.48661	7.73343	CH	Liestal
89	46.00651	8.95231	CH	Lugano
90	47.05004	8.30893	CH	Luzern
91	47.44171	9.10977	CH	Oberuzwil
92	47.34996	7.9037	CH	Olten
93	46.22935	7.36205	CH	Sion
94	47.20883	7.53229	CH	Solothurn
95	47.32706	8.80136	CH	Wetzikon
96	47.49882	8.72369	CH	Winterthur
97	47.34937	8.27688	CH	Wohlen
98	47.36865	8.53918	CH	de=Zürich;tr=Zürih
99	56.16294	10.20392	DK	Aarhus
100	56.15313	10.10676	DK	Brabrand
101	55.64731	12.41489	DK	Brøndby
102	55.30376	11.54483	DK	Fuglebjerg
103	56.03079	12.59213	DK	Helsingør
104	55.6761	12.56834	DK	Kopenhag
105	55.93208	12.50795	DK	Nivå
106	55.64191	12.08785	DK	Roskilde
107	55.40369	11.35526	DK	Slagelse
108	55.64602	12.29794	DK	Taastrup
109	55.71131	9.53635	DK	Vejle
110	45.66443	6.38107	FR	Albertville
111	45.95844	5.35956	FR	Ambérieu-en-Bugey
112	45.64838	0.15624	FR	Angoulême
113	45.89925	6.12938	FR	Annecy
114	46.19325	6.23416	FR	Annemasse
115	45.2394	4.66735	FR	Annonay
116	43.94932	4.80553	FR	Avignon
117	45.55542	5.93944	FR	Barberaz
118	49.42964	2.08187	FR	Beauvais
119	47.63967	6.86385	FR	Belfort
120	47.23783	6.02405	FR	Besançon
121	47.58609	1.33595	FR	Blois
122	44.83779	-0.57918	FR	Bordeaux
123	45.59711	5.27212	FR	Bourgoin-Jallieu
124	44.85774	-0.53091	FR	Cenon
125	48.01474	2.73203	FR	Châlette-sur-Loing
126	45.5646	5.91778	FR	Chambery
127	49.76209	4.7261	FR	Charleville-Mézières
128	48.07037	1.3277	FR	Châteaudun
129	45.74858	7.6128	FR	Chatillon
130	48.11375	5.13926	FR	Chaumont
131	45.77722	3.08703	FR	Clermont-Ferrand
132	46.06039	6.58058	FR	Cluses
133	48.07936	7.35851	FR	Colmar
134	48.1724	6.4494	FR	Épinal
135	45.74383	4.22345	FR	Feurs
136	45.38764	4.28762	FR	Firminy
137	48.85154	2.47591	FR	Fontenay-sous-Bois
138	45.18853	5.72452	FR	Grenoble
139	46.80535	4.4278	FR	Le Creusot
140	48.00611	0.19956	FR	Le Mans
141	45.37134	4.79685	FR	Le Péage-de-Roussillon
142	50.62925	3.05726	FR	Lille
143	45.76404	4.83566	FR	Lyon
144	48.98932	1.71496	FR	Mantes-la-Jolie
145	50.22829	5.34416	BE	Marche-en Famenne
146	43.29648	5.36978	FR	Marseille
147	49.11967	6.17691	FR	Metz
148	45.20149	6.67292	FR	Modane
149	48.54372	7.49151	FR	Molsheim
150	47.99729	2.73629	FR	Montargis
151	43.61077	3.87672	FR	Montpellier
152	48.9229	6.6358	FR	Morhange
153	47.75084	7.33589	FR	Mulhouse
154	46.15341	5.60776	FR	Nantua
156	45.88079	4.84683	FR	Neuville-sur-Saône
157	43.71017	7.26195	FR	Nice
158	48.53749	7.34755	FR	Niederhaslach
159	49.27895	2.46469	FR	Nogent-sur-Oise
160	47.90296	1.90925	FR	Orleans
161	46.25777	5.65534	FR	Oyonnax
162	48.85661	2.35222	FR	Paris
163	42.68866	2.89483	FR	Perpignan
164	48.56015	3.2992	FR	Provins
165	47.99754	-4.0979	FR	Quimper
166	48.11348	-1.67571	FR	Rennes
167	48.64566	2.41045	FR	Ris-Orangis
168	49.44323	1.09997	FR	Rouen
169	49.10441	6.70579	FR	Saint Avold
170	47.42503	2.05359	FR	Salbris
171	43.6402	5.09702	FR	Salon-de-Provence
172	48.99735	2.37849	FR	Sarcelles
173	48.74196	7.36165	FR	Saverne
174	48.47918	7.21838	FR	Schirmeck
175	48.93897	2.53872	FR	Sevran
176	45.64144	0.19298	FR	Soyaux
177	45.47609	4.51271	FR	St. Chamond
178	45.4397	4.38718	FR	St. Etienne
179	48.57944	7.75791	FR	Strasbourg
181	47.8107	7.10238	FR	Thann
182	49.35757	6.16843	FR	Thionville
183	43.60465	1.44421	FR	Toulouse
184	48.98171	2.00545	FR	Triel-sur-Seine
185	45.75968	6.39978	FR	Ugine
186	47.79255	1.06534	FR	Vendôme
187	45.69959	4.88446	FR	Vénissieux
188	45.52872	4.88099	FR	Vienne
189	45.61354	5.15009	FR	Villefontaine
190	45.97777	4.74567	FR	Villefranche-sur-Saône
191	50.62325	3.14427	FR	Villeneuve-d\u0027Ascq
192	52.48482	-1.88965	EN	Birmingham
193	50.82253	-0.13716	EN	Brighton
194	51.45451	-2.58791	EN	Bristol
195	52.20534	0.12182	EN	Cambridge
196	52.63688	-1.13976	EN	Leicester
197	51.50852	-0.12549	EN	de=London;tr=Londra
198	51.87867	-0.42003	EN	Luton
199	51.75202	-1.25773	EN	Oxford
200	50.84273	-0.21423	EN	Portslade
201	45.80806	9.08518	IT	Como
202	43.89057	8.03467	IT	Imperia
203	45.46545	9.18652	IT	Milano
204	44.64884	10.92009	IT	Modena
205	41.90278	12.49637	IT	Roma
206	47.14137	9.5207	LI	Vaduz
207	41.99735	21.428	MK	de=Skopje;tr=Üsküp
209	51.92442	4.4773	NL	Rotterdam
210	52.35078	5.2647	NL	Almere
211	52.15611	5.38783	NL	Amersfoort
212	52.37022	4.89517	NL	Amsterdam
213	52.21116	5.96992	NL	Apeldoorn
214	51.9851	5.89873	NL	Arnhem
216	52.21318	5.28641	NL	Baarn
217	52.14019	5.58415	NL	Barneveld
218	52.48698	4.65745	NL	Beverwijk
219	52.0705	4.3007	NL	Den Haag
220	52.95628	4.7608	NL	Den Helder
221	52.26608	6.15522	NL	Deventer
222	51.8133	4.69009	NL	Dordrecht
223	52.04017	5.66486	NL	Ede
224	51.44164	5.46972	NL	Eindhoven
225	52.22154	6.89366	NL	Enschede
226	51.83722	4.97583	NL	Groinchem
227	53.21938	6.5665	NL	Groningen
228	52.38363	4.63596	NL	Haarlem
229	52.51415	4.68214	NL	Heemskerk
230	52.22917	5.1669	NL	Hilversum
231	52.30609	4.6907	NL	Hoofddorp
232	53.16347	6.75632	NL	Hoogezand
233	51.89431	5.09693	NL	Leerdam
234	52.15849	4.4962	NL	Leiden
236	52.31166	6.92683	NL	Oldenzaal
237	51.76118	5.51405	NL	Oss
238	51.91696	4.39882	NL	Schiedam
239	52.17619	5.29401	NL	Soest
240	51.5606	5.09191	NL	Tilburg
242	51.66311	5.62392	NL	Uden
243	51.89145	6.38341	NL	Ulft
245	52.09179	5.11457	NL	Utrecht
246	52.0263	5.55443	NL	Veenendaal
247	52.30805	5.04062	NL	Weesp
248	52.44204	4.8292	NL	Zaandam
249	52.51677	6.08302	NL	Zwolle
250	60.39126	5.32205	NO	Bergen
251	59.74407	10.20446	NO	Drammen
252	58.15991	8.01821	NO	Kristiansand
253	59.91387	10.75225	NO	Oslo
254	58.96998	5.73311	NO	Stavanger
255	57.70887	11.97456	SE	Göteborg
256	56.04647	12.69451	SE	Helsingborg
257	55.60498	13.00382	SE	Malmö
258	59.24607	17.82312	SE	Norsborg
259	59.38862	17.93116	SE	Spånga
260	59.32893	18.06491	SE	de=Stockholm;tr=Stokholm
261	40.71435	-74.00597	US	New York
262	58.85326	5.73295	NO	Sandnes
263	63.43051	10.39505	NO	Trondheim
264	47.51036	6.79847	FR	Montbéliard
265	48.65647	2.38517	FR	Grigny
266	47.21837	-1.55362	FR	Nantes
267	45.18403	0.72111	FR	Périgueux
268	51.38965	1.38683	EN	Margate
269	53.48076	-2.24263	EN	Manchester
270	53.40837	-2.99157	EN	Liverpool
271	51.89593	0.89187	EN	Colchester
272	50.9097	-1.40435	EN	Southampton
273	55.95325	-3.18827	EN	Edinburgh
274	53.34981	-6.26031	EN	Dublin
275	53.80076	-1.54908	EN	Leeds
276	51.48158	-3.17909	EN	Cardiff
277	54.97825	-1.61778	EN	Newcastle
278	47.3667	1.75	FR	Romorantin
279	58.451422	5.999803	NO	Egersund
280	59.220537	10.934701	NO	Fredrikstad
281	59.583459	11.1629	NO	Askim
282	47.32205	5.04148	FR	Dijon
283	48.25939	7.45424	FR	Sélestat
284	48.81329	7.79125	FR	Haguenau
285	48.28747	6.94777	FR	Saint-Dié
286	48.69205	6.18442	FR	Nancy
287	48.59224	6.49234	FR	Luneville
288	47.31409	3.51027	FR	Vierzon
614	50.991772	7.13648	DE	Bergisch Gladbach
615	49.945641	11.571335	DE	Bayreuth
616	49.898815	10.902764	DE	Bamberg
617	49.327751	12.10838	DE	Schwandorf
618	49.300652	10.57146	DE	Ansbach
619	49.345188	9.98084	DE	Schrozberg
620	49.16764	10.33053	DE	Feuchtwangen
621	49.578369	10.60534	DE	Neustadt an der Aisch
622	49.282291	11.45713	DE	Neumarkt in der Oberpfalz
623	49.599941	11.0063	DE	Erlangen
1204	58.087749	6.96849	NO	Tønsberg
1205	59.890251	10.5255	NO	Bærum 
1206	55.457951	12.18214	DK	Køge
1218	37.0026684	35.3183306	TR	Adana
1219	37.78664270000001	38.2322028	TR	Adıyaman
1220	38.740978	30.5739579	TR	Afyonkarahisar
1221	39.719074	43.050591	TR	Ağrı
1222	38.3352043	33.9750018	TR	Aksaray
1223	40.67711	35.82731	TR	Amasya
1224	39.938884	32.852846	TR	Ankara
1225	36.89689	30.713323	TR	Antalya
1226	41.108025	42.70037	TR	Ardahan
1227	41.1662659	41.8416848	TR	Artvin
1228	37.8521677	27.8780275	TR	Aydın
1229	39.6062857	27.8311428	TR	Balıkesir
1230	41.637602	32.333811	TR	Bartın
1231	37.8259651	41.1243068	TR	Batman
1232	40.25745	40.22756	TR	Bayburt
1233	40.1335256	29.9277947	TR	Bilecik
1234	38.9667329	40.4544488	TR	Bingöl
1235	38.400569	42.1095019	TR	Bitlis
1236	40.732541	31.608209	TR	Bolu
1237	37.72092	30.28762	TR	Burdur
1238	40.1938586	29.0607554	TR	Bursa
1239	40.14866	26.41627	TR	Çanakkale
1240	40.6002	33.6173	TR	Çankırı
1241	40.51984909999999	34.7608896	TR	Çorum
1242	37.8453826	29.0925356	TR	Denizli
1243	37.9139031	40.2300708	TR	Diyarbakır
1244	40.863756	31.2397466	TR	Düzce
1245	41.7	26.5609857	TR	Edirne
1246	38.7312587	39.1889005	TR	Elazığ
1247	39.714788	39.46941169999999	TR	Erzincan
1248	39.87168339999999	41.2465866	TR	Erzurum
1249	39.781417	30.5127917	TR	Eskişehir
1250	37.0674765	37.3714485	TR	Gaziantep
1251	40.91744	38.39317	TR	Giresun
1252	40.460825	39.480321	TR	Gümüşhane
1253	37.521741	43.7428063	TR	Hakkari
1254	36.2126147	36.1374068	TR	Hatay
1255	39.8879841	44.0048365	TR	Iğdır
1256	37.76258	30.55378	TR	Isparta
1257	41.011829	28.97834	TR	İstanbul
1258	38.420367	27.129894	TR	İzmir
1259	37.7341868	36.8193507	TR	Kahramanmaraş
1260	41.1217535	32.5912703	TR	Karabük
1261	37.1571887	33.16888830000001	TR	Karaman
1262	40.6161599	43.1451679	TR	Kars
1263	41.37668	33.77522	TR	Kastamonu
1264	38.72300810000001	35.4971622	TR	Kayseri
1265	36.7507167	37.1044125	TR	Kilis
1266	39.8606983	33.5571619	TR	Kırıkkale
1267	41.73988689999999	27.1399808	TR	Kırklareli
1268	39.1235758	34.0641419	TR	Kırşehir
1269	40.7208682	29.8222085	TR	Kocaeli
1270	37.872475	32.499155	TR	Konya
1271	39.419954	29.985732	TR	Kütahya
1272	38.405779	38.205587	TR	Malatya
1273	38.6742459	27.4086488	TR	Manisa
1274	37.423615	40.68998	TR	Mardin
1275	36.7987463	34.6237936	TR	Mersin
1276	37.215565	28.363653	TR	Muğla
1277	38.8542266	41.4369459	TR	Muş
1278	38.5977511	34.6414028	TR	Nevşehir
1279	37.969774	34.676608	TR	Niğde
1280	40.98736	37.87745	TR	Ordu
1281	37.08872	36.10724	TR	Osmaniye
1282	41.025677	40.517656	TR	Rize
1283	40.741437	30.3295327	TR	Sakarya
1284	41.290472	36.331004	TR	Samsun
1285	37.1674039	38.7955149	TR	Şanlıurfa
1286	37.9344903	41.90717619999999	TR	Siirt
1287	41.9507792	35.0262998	TR	Sinop
1288	37.5680179	42.40463620000001	TR	Şırnak
1289	39.750682	37.015021	TR	Sivas
1290	40.9637587	27.4086488	TR	Tekirdağ
1291	40.3000971	36.5590413	TR	Tokat
1292	40.99726	39.70864	TR	Trabzon
1293	39.1530459	39.5396506	TR	Tunceli
1294	38.7226697	29.2785638	TR	Uşak
1295	38.5972516	43.3894878	TR	Van
1296	40.6020296	29.2553229	TR	Yalova
1297	39.9302773	34.7324106	TR	Yozgat
1298	41.437099	31.743053	TR	Zonguldak
1410	48.259682	7.45604	FR	Sélestat
1433	35.652832	139.839478	JP	de=Tokio;tr=Tokyo
1434	-41.28664	174.77557	NZ	Wellington
1435	-23.69748	133.88362	AU	Alice Springs
1436	-34.425072	150.893143	AU	Wollongong
1438	1.28967	103.85007	SG	Singapur
1439	-36.38047	145.39867	AU	Shepparton
1440	-34.166666	140.7333304	AU	Renmark
1441	-31.953512	115.857048	AU	Perth
1442	-27.470125	153.021072	AU	Brisbane
1444	-12.462827	130.841782	AU	Darwin
1445	-38.14711	144.36069	AU	Geelong
1446	-34.28853	146.05093	AU	Griffith
1447	-42.87936	147.32941	AU	Hobart
1448	-30.74614	121.4742	AU	Kalgoorlie
1449	-34.206841	142.13649	AU	Mildura
1450	35.183334	136.899994	JP	Nagoya
1451	34.669529	135.497009	JP	Osaka
1453	3.140853	101.693207	MY	Kuala Lumpur
1454	-24.85	152.350006	AU	Bundaberg
1455	-32.92715	151.77647	AU	Newcastle
1456	50.93256	7.28472	DE	Overath
1457	47.04057	9.06804	CH	Glarus
1458	47.04269	9.06751	CH	Glarus
1531	59.413582	5.267987	NO	Haugesund
1532	51.454266	-0.97813	EN	Reading
1533	49.3805	10.17853	DE	Rothenburg ob der Tauber
1534	48.80349	9.52598	DE	Schorndorf
1535	53.18882	5.556486	NL	Franeker
20001	50.77535	6.08389	DE	Aachen
20002	48.83669	10.09712	DE	Aalen
20003	48.62662	8.07492	DE	Achern
20004	53.01428	9.04049	DE	Achim
20005	48.4577	11.13599	DE	Aichach
20006	48.09282	8.70048	DE	Aldingen
20007	50.08941	9.05874	DE	Alzenau
20008	49.98066	9.1356	DE	Aschaffenburg
20009	48.37054	10.89779	DE	Augsburg
20010	52.06958	8.75145	DE	Bad Salzuflen
20011	47.76147	11.56515	DE	Bad Tölz
20012	50.90634	6.18253	DE	Baesweiler
20013	48.27482	8.84953	DE	Balingen
20014	51.61581	7.64297	DE	Bergkamen
20015	52.52001	13.40495	DE	Berlin
20016	48.09515	9.79015	DE	Biberach
20017	52.03023	8.53247	DE	Bielefeld
20018	52.09217	8.52615	DE	Bielefeld-Jöllenbeck
20019	48.4073	9.78355	DE	Blaubeuren
20020	47.83923	8.53474	DE	Blumberg
20021	48.26969	10.82958	DE	Bobingen
20022	51.48184	7.21624	DE	Bochum
20023	51.5987	7.75858	DE	Bönen
20024	50.73743	7.09821	DE	Bonn
20025	51.84827	6.85945	DE	Borken
20026	51.52909	6.94469	DE	Bottrop
20027	52.268998	10.527534	DE	Braunschweig
20028	53.06945	8.83716	DE	Bremen
20029	53.52687	8.58887	DE	Bremerhaven
20030	49.03629	8.70106	DE	Bretten
20031	49.12497	8.58441	DE	Bruchsal
20032	47.8765	11.90914	DE	Bruckmühl
20033	50.82676	6.89879	DE	Brühl
20034	51.08564	7.11059	DE	Burscheid
20035	53.4789	9.69985	DE	Buxtehude
20036	51.56326	7.31501	DE	Castrop-Rauxel
20037	49.42512	8.317	DE	Dannstadt
20038	49.87283	8.65119	DE	Darmstadt
20039	48.84085	12.95748	DE	Deggendorf
20040	53.03699	8.63825	DE	Delmenhorst
20041	51.94294	8.86659	DE	Detmold
20042	51.56743	6.74753	DE	Dinslaken
20043	51.09369	6.82891	DE	Dormagen
20044	51.513583	7.465303	DE	Dortmund
20045	51.434404	6.762329	DE	Duisburg
20046	50.80295	6.48111	DE	Düren
20047	51.227743	6.773457	DE	Düsseldorf
20049	48.21037	9.03167	DE	Ebingen
20051	48.29838	11.62121	DE	Eching
20052	50.76934	7.45117	DE	Eitorf
20053	49.84372	9.16132	DE	Elsenfeld
20054	48.9164	8.9822	DE	Enzweihingen
20055	48.31146	11.91888	DE	Erding
20056	52.37659	8.62653	DE	Espelkamp
20057	51.455642	7.011554	DE	Essen
20058	48.74334	9.32011	DE	Esslingen
20059	51.17361	7.97391	DE	Finnentrop
20060	49.72131	11.06988	DE	Forchheim
20061	49.54319	8.35123	DE	Frankentahl
20062	50.110924	8.682136	DE	Frankfurt
20063	50.10248	8.54746	DE	Frankfurt Höchst
20064	47.999006	7.842111	DE	Freiburg
20065	48.40288	11.74118	DE	Freising
20066	47.66176	9.48001	DE	Friedrichshafen
20067	48.17394	11.24301	DE	Fürstenfeldbrück
20068	52.41603	9.59513	DE	Garbsen
20069	47.49169	11.0955	DE	Garmisch-Partenkirchen
20070	50.20457	9.18637	DE	Gelnhausen
20071	51.5175	7.08572	DE	Gelsenkirchen
20072	51.08075	9.12825	DE	Gelsingen
20073	49.21402	8.36389	DE	Germersheim
20074	50.58405	8.6784	DE	Giessen
20075	51.57066	6.98539	DE	Gladbeck
20076	53.54359	10.21659	DE	Glinde
20077	51.90595	10.429	DE	Goslar
20078	49.92037	8.4847	DE	Groß Gerau
20079	51.02667	7.56928	DE	Gummersbach
20080	48.452843	10.277522	DE	Günzburg
20081	51.36708	7.46328	DE	Hagen
20082	50.7412	8.20655	DE	Haiger
20083	53.554423	9.994583	DE	Hamburg
20084	52.10464	9.37118	DE	Hameln
20085	51.67386	7.81598	DE	Hamm
20086	50.12641	8.92831	DE	Hanau
20087	52.38447	9.73201	DE	Hannover
20088	50.06957	8.48723	DE	Hattersheim
20089	47.74546	11.83888	DE	Hausham
20090	48.6894	10.16109	DE	Heidenheim
20091	49.14269	9.21088	DE	Heilbronn
20092	49.3421	10.78615	DE	Heilsbronn
20093	52.11819	8.66087	DE	Herford
20094	51.53689	7.20091	DE	Herne
20095	48.59504	8.86716	DE	Herrenberg
20096	49.50777	11.43054	DE	Hersbruck
20097	53.52994	11.92595	DE	Herzberg
20098	52.16129	9.94959	DE	Hildesheim
20099	50.3167	11.9167	DE	Hof
20100	47.9284	8.48753	DE	Hüfingen
20101	52.27677	7.71899	DE	Ibbenbüren
20102	48.22533	10.10127	DE	Illertissen
20103	48.7667	11.42575	DE	Ingolstadt
20104	51.37651	7.69608	DE	Iserlohn
20105	51.58828	7.65905	DE	Kamen
20106	49.00689	8.40365	DE	Karlsruhe
20107	51.31271	9.47975	DE	Kassel
20108	50.05971	8.52978	DE	Kelsterbach
20109	47.72857	10.31578	DE	Kempten
20110	50.87476	6.68837	DE	Kerpen
20111	54.32329	10.12277	DE	Kiel
20112	50.93753	6.96028	DE	Köln
20113	51.33876	6.58534	DE	Krefeld
20114	48.24031	10.37509	DE	Krumbach
20115	52.30413	9.80281	DE	Laatzen
20116	51.98884	8.79918	DE	Lage
20117	48.54419	12.14685	DE	Landshut
20118	47.62933	8.31275	DE	Lauchringen
20119	49.07203	9.14601	DE	Lauffen
20120	49.34053	10.51149	DE	Lehrberg
20121	51.3396	12.3713	DE	Leipzig
20122	52.01607	8.92232	DE	Lemgo
20123	52.1823	7.86264	DE	Lengerich
20124	51.04592	7.01922	DE	Leverkusen
20125	50.3986	8.07958	DE	Limburg
20127	52.66229	8.23983	DE	Lohne
20128	52.20902	8.69131	DE	Löhne
20129	50.64759	8.7043	DE	Lollar
20130	47.61692	7.67092	DE	Lörrach
20131	53.87263	10.67559	DE	Lübeck
20132	48.89406	9.19546	DE	Ludwigsburg
20133	49.47741	8.44518	DE	Ludwigshafen
20134	51.61048	7.52851	DE	Lünen
20135	48.64311	11.78169	DE	Mainburg
20136	49.99286	8.24725	DE	Mainz
20137	49.4883	8.46472	DE	Mannheim
20138	51.65912	7.10602	DE	Marl
20139	48.39501	12.61461	DE	Massing
20140	52.24512	8.39992	DE	Melle Buer
20141	51.35112	8.28513	DE	Meschede
20142	51.25067	6.97403	DE	Mettmann
20143	49.32241	9.35407	DE	Möckmühl
20144	48.82314	9.96269	DE	Mögglingen
20145	51.18046	6.4428	DE	Mönchengladbach
20146	48.47017	11.93587	DE	Moosburg
20147	48.40716	9.0563	DE	Mössingen
20148	48.94894	8.85242	DE	Mühlacker
20149	48.24577	12.52199	DE	Mühldorf
20150	51.41857	6.88452	DE	Mülheim an der Ruhr
20151	48.1374	11.5755	DE	de=München;tr=Münih
20152	51.96066	7.62613	DE	Münster
20153	48.54741	8.72347	DE	Nagold
20154	52.51079	8.06556	DE	Neuenkirchen
20155	51.28473	7.79504	DE	Neuenrade
20156	54.07585	9.97733	DE	Neumünster
20157	51.2042	6.68795	DE	Neuss
20158	52.50052	9.45667	DE	Neustadt
20159	48.3906	10.00604	DE	Neu-Ulm
20160	50.43619	7.46645	DE	Neuwied
20161	53.5154	8.52046	DE	Nordenham
20162	49.45203	11.07675	DE	Nürnberg
20163	48.62442	9.34691	DE	Nürtingen
20164	51.496633	6.86378	DE	Oberhausen
20165	51.64296	7.25949	DE	Oer-Erkenschwick
20166	50.09564	8.77608	DE	Offenbach
20167	53.14345	8.21455	DE	Oldenburg
20168	51.06972	6.99658	DE	Opladen
20169	52.27991	8.04718	DE	Osnabrück
20170	51.72938	10.25803	DE	Osterode am Harz
20171	49.21767	8.7069	DE	Östringen
20172	51.71912	8.75745	DE	Paderborn
20173	52.31701	10.2354	DE	Peine
20174	47.78633	11.06047	DE	Peißenberg
20175	48.8833	8.7	DE	Pforzheim
20176	49.80287	8.60354	DE	Pfungstadt
20177	49.23525	8.45804	DE	Philippsburg
20178	48.95821	9.20238	DE	Pleidelsheim
20179	48.85912	8.20591	DE	Rastatt
20180	51.29641	6.84018	DE	Ratingen
20181	50.01041	8.45292	DE	Raunheim
20182	47.7833	9.61667	DE	Ravensburg
20183	51.61406	7.19795	DE	Recklinghausen
20184	49.015	12.0956	DE	Regensburg
20185	51.17874	7.1897	DE	Remscheid
20186	54.3131	9.65724	DE	Rendsburg
20187	48.50694	9.2038	DE	Reutlingen
20188	51.85931	8.28601	DE	Rheda-Wiedenbrück
20189	50.00128	8.87692	DE	Rodgau
20190	47.85	12.1333	DE	Rosenheim
20191	53.11044	9.41415	DE	Rotenburg
20192	49.98074	7.93473	DE	Rüdesheim am Rhein
20193	49.98875	8.4217	DE	Rüsselsheim
20194	49.2333	7.0	DE	Saarbrücken
20195	52.14965	10.33671	DE	Salzgitter
20196	53.0691	7.70419	DE	Saterland
20197	47.81502	10.8943	DE	Schongau
20198	49.32846	11.02471	DE	Schwabach
20199	48.7994	9.80457	DE	Schwäbisch Gmünd
20200	50.0492	10.21942	DE	Schweinfurt
20201	51.44483	7.56683	DE	Schwerte
20202	48.32239	10.05005	DE	Senden
20203	50.88385	8.02096	DE	Siegen
20204	48.70746	9.00441	DE	Sindelfingen
20205	49.24886	8.88849	DE	Sinsheim
20206	50.5427	7.2487	DE	Sinzig
20207	53.27887	9.51191	DE	Sittensen
20208	51.57115	8.10575	DE	Soest
20209	51.17021	7.08314	DE	Solingen
20210	49.31728	8.44122	DE	Speyer
20211	53.60435	9.48981	DE	Stade
20212	50.82312	9.01118	DE	Stadtallendorf
20213	52.3298	9.19648	DE	Stadthagen
20214	52.02424	8.42054	DE	Steinhagen
20215	50.78723	6.22236	DE	Stolberg
20216	48.77585	9.18293	DE	Stuttgart
20217	52.68286	8.7941	DE	Sulingen
20218	48.28137	10.46749	DE	Thannhausen
20219	48.95952	10.90964	DE	Treuchtlingen
20220	48.13016	8.23244	DE	Triberg
20221	50.81775	7.14302	DE	Troisdorf
20222	48.52164	9.05764	DE	Tübingen
20223	47.9833	8.81667	DE	Tuttlingen
20224	48.40108	9.98761	DE	Ulm
20225	51.33707	7.04268	DE	Velbert
20226	49.54124	8.57849	DE	Viernheim
20227	51.2555	6.39652	DE	Viersen
20228	48.05949	8.46409	DE	Villingen
20229	49.25562	6.85889	DE	Völklingen
20230	48.82935	9.31857	DE	Waiblingen
20231	49.3064	8.64528	DE	Walldorf
20232	47.68191	9.83757	DE	Wangen im Allgäu
20233	51.95387	7.9909	DE	Warendorf
20234	48.0667	12.2333	DE	Wasserburg
20235	49.02166	10.96584	DE	Weißenburg
20236	51.25739	7.77063	DE	Werdohl
20237	51.55838	7.91144	DE	Werl
20238	50.55898	8.50816	DE	Wetzlar
20239	50.07822	8.23976	DE	Wiesbaden
20240	51.26546	6.54427	DE	Willich
20241	50.47077	7.79414	DE	Wirges
20242	51.44389	7.3532	DE	Witten
20243	49.63414	8.35072	DE	Worms
20244	51.25621	7.15076	DE	Wuppertal
20245	49.7913	9.95335	DE	Würzburg
20246	52.51449	13.35009	DE	Tiergarten
20247	52.48934	13.35255	DE	Schöneberg
20248	52.4986	13.3918	DE	Kreuzberg
20249	52.44077	13.44451	DE	Neuköln
20250	52.44153	13.39081	DE	Mariendorf
20251	52.55607	13.33893	DE	Wedding
20252	52.5166	13.30411	DE	Charlottenburg
20253	53.51907	10.03716	DE	Veddel
20254	53.46078	9.98342	DE	Harburg
20255	53.49865	9.99908	DE	Wilhelmsburg
20256	53.51445	9.79843	DE	Neuenfelde
20257	53.47707	9.85791	DE	Neugraben
20258	53.61212	9.90544	DE	Eidelstedt
20259	53.10615	7.68723	DE	Ramsloh
20260	52.99188	7.63231	DE	Esterwegen
20261	53.05983	8.80037	DE	Neustadt (Bremen)
20262	53.05346	8.74014	DE	Huchting
20263	53.04763	8.89108	DE	Hemelingen
20264	53.06686	8.95936	DE	Tenever
20265	53.1972	8.55292	DE	Blumenthal
20266	52.39096	9.8512	DE	Misburg
20267	52.07241	8.75999	DE	Schotmar
20268	52.09463	8.52254	DE	Jöllenbeck
20269	51.13635	9.41918	DE	Felsberg
20270	52.15738	10.32098	DE	Lebenstedt
20271	52.14625	10.41065	DE	Watenstedt
20272	51.16867	6.44696	DE	Rheydt
20273	51.29741	7.22781	DE	Oberbarmen
20274	51.57148	7.52121	DE	Derne
20275	51.56722	7.38632	DE	Mengede
20276	51.39015	7.08296	DE	Kupferdreh
20277	51.49563	7.04741	DE	Katernberg
20278	51.60078	7.0501	DE	Hassel
20279	51.57169	7.05664	DE	Buer
20280	51.41834	6.74732	DE	Hochfeld
20281	51.47353	6.75072	DE	Meiderich
20282	51.50311	6.74121	DE	Marxloh
20283	51.52787	6.72383	DE	Walsum
20284	51.3974	6.69899	DE	Rheinhausen
20285	51.38526	6.74625	DE	Wanheim
20286	50.93471	6.97596	DE	Köln-Deutz
20287	50.96483	6.95382	DE	Köln-Nippes
20288	50.82608	6.46548	DE	Köln-Weidenpesch
20289	51.0298	6.87433	DE	Köln-Chorweiler
20290	50.94853	6.9181	DE	Köln-Ehrenfeld
20291	50.85914	6.92857	DE	Köln-Meschenich
20292	50.96177	7.00402	DE	Köln-Mülheim
20293	50.9389	7.00854	DE	Köln-Kalk
20294	51.70404	7.83954	DE	Hamm-Heessen
20295	51.69491	7.73177	DE	Hamm-Hövel
20296	51.66356	7.74463	DE	Hamm-Herringen
20297	51.63998	7.75477	DE	Hamm-Pelkum
20298	50.09655	8.6036	DE	Griesheim
20299	48.78077	9.2286	DE	Wangen
20300	53.85934	8.68791	DE	Cuxhaven
20301	52.70641	8.49761	DE	Barnstorf
20302	53.22692	8.79004	DE	Osterholz-Scharmbeck
20303	52.69016	8.60546	DE	Scharrel
20304	48.40509	12.75752	DE	Eggenfelden
20305	48.45092	12.35259	DE	Vilsbiburg
20306	52.12053	11.62762	DE	Magdeburg
20307	49.43189	6.8421	DE	Schmelz
20308	49.3987	8.67243	DE	Heidelberg
271298	52.289398	8.92169	DE	Minden
29811790	43.341629	3.21782	FR	Beziers
30207103	45.421532	-75.697189	CA	Ottawa
30207122	53.544388	-113.490929	CA	Edmonton
31323993	48.703159	9.654	DE	Göppingen
32647068	55.65696	12.36165	DK	Albertslund
32647277	55.616421	12.35223	DK	Ishøj
32648562	55.7303589	12.3612313	DK	Ballerup
32648769	55.6441712	12.4772091	DK	Hvidovre
32649013	55.446817	11.7975218	DK	Ringsted
32649164	55.7186117	11.7135474	DK	Holbæk
32649240	55.6833793	11.0993619	DK	Kalundborg
32649377	55.8417752	12.063595	DK	Frederikssund
32649529	55.2328252	11.7674102	DK	Næstved
32649655	55.0102518	11.9097478	DK	Vordingborg
32649820	54.7772537	11.4156894	DK	Lolland
32649955	55.4664892	8.4520751	DK	Esbjerg
32650126	55.0632573	10.6068652	DK	Svendborg
32650289	55.4894999	9.47905	DK	Kolding
32650436	55.565268	9.7562169	DK	Fredericia
32650629	55.8611696	9.8444774	DK	Horsens
32650752	56.4355428	10.0425957	DK	Randers
32650888	56.169453	9.5495141	DK	Silkeborg
32651065	56.1379757	8.9746623	DK	Herning
32651198	56.3590324	8.6159188	DK	Holstebro
32651532	56.1390178	9.1547931	DK	Ikast-Brande
32651787	57.0462626	9.9215263	DK	Aalborg
32651869	57.4412134	10.5336225	DK	Frederikshavn
32652017	55.0446228	9.4209667	DK	Aabenraa
34218097	40.8359336	14.2487826	IT	Napoli
60680379	50.80218186615296	8.76679689468629	DE	Marburg
61826857	33.440609	-86.848634	US	Birmingham
88902073	52.485291	10.54703	DE	Gifhorn
89167503	50.356548	7.59942	DE	Koblenz
99098234	50.009411	8.78045	DE	Dietzenbach
105706270	59.609901	16.544809	SE	Västerås
105706319	59.858131	17.644621	SE	Uppsala